epoch,time,train/box_loss,train/pose_loss,train/kobj_loss,train/cls_loss,train/dfl_loss,train/rle_loss,metrics/precision(B),metrics/recall(B),metrics/mAP50(B),metrics/mAP50-95(B),metrics/precision(P),metrics/recall(P),metrics/mAP50(P),metrics/mAP50-95(P),val/box_loss,val/pose_loss,val/kobj_loss,val/cls_loss,val/dfl_loss,val/rle_loss,lr/pg0,lr/pg1,lr/pg2
0,0.0,0.94617,0.45497,0.10275,0.63625,0.0115,0.44387,0.95281,0.97079,0.981,0.68461,0.9512,0.97211,0.98524,0.96205,1.01986,0.19688,0.01568,0.33207,0.0212,0.0,0.0001,0.0001,0.0001
1,1000.0,0.94789,0.45627,0.10306,0.63779,0.01152,0.44912,0.95298,0.97093,0.98108,0.68465,0.95141,0.9722,0.98525,0.96206,1.02028,0.19685,0.01572,0.33214,0.02121,0.0,0.0002,0.0002,0.0002
2,2000.0,0.94961,0.45758,0.10337,0.63933,0.01154,0.45437,0.95314,0.97106,0.98116,0.68468,0.95163,0.9723,0.98526,0.96207,1.02069,0.19682,0.01577,0.33221,0.02122,0.0,0.0003,0.0003,0.0003
3,3000.0,0.95133,0.45888,0.10369,0.64087,0.01157,0.45963,0.95331,0.9712,0.98124,0.68472,0.95184,0.9724,0.98526,0.96207,1.0211,0.19678,0.01582,0.33229,0.02123,0.0,0.0003,0.0003,0.0003
4,4000.0,0.95305,0.46018,0.104,0.64241,0.01159,0.46488,0.95347,0.97134,0.98132,0.68475,0.95206,0.97249,0.98527,0.96208,1.02152,0.19675,0.01586,0.33236,0.02124,0.0,0.0003,0.0003,0.0003
5,5000.0,0.95478,0.46149,0.10432,0.64395,0.01161,0.47014,0.95364,0.97147,0.9814,0.68479,0.95227,0.97259,0.98528,0.96209,1.02193,0.19672,0.01591,0.33244,0.02125,0.0,0.0003,0.0003,0.0003
6,6000.0,0.9565,0.46279,0.10463,0.64549,0.01164,0.47539,0.9538,0.97161,0.98148,0.68483,0.95249,0.97268,0.98529,0.96209,1.02234,0.19669,0.01595,0.33251,0.02125,0.0,0.0003,0.0003,0.0003
7,7000.0,0.95822,0.4641,0.10495,0.64703,0.01166,0.48064,0.95397,0.97174,0.98156,0.68486,0.9527,0.97277,0.9853,0.9621,1.02275,0.19666,0.016,0.33259,0.02126,0.0,0.0003,0.0003,0.0003
8,8000.0,0.95994,0.4654,0.10526,0.64857,0.01168,0.4859,0.95413,0.97188,0.98164,0.6849,0.95292,0.97287,0.98531,0.96211,1.02317,0.19663,0.01604,0.33266,0.02127,0.0,0.0003,0.0003,0.0003
9,9000.0,0.96167,0.46671,0.10558,0.65011,0.0117,0.49115,0.9543,0.97202,0.98172,0.68493,0.95313,0.97296,0.98531,0.96211,1.02358,0.1966,0.01609,0.33274,0.02128,0.0,0.0003,0.0003,0.0003
10,10000.0,0.96339,0.46801,0.10589,0.65165,0.01173,0.49641,0.95446,0.97215,0.9818,0.68497,0.95335,0.97306,0.98532,0.96212,1.02399,0.19657,0.01613,0.33281,0.02129,0.0,0.0003,0.0003,0.0003
11,11000.0,0.96511,0.46932,0.10621,0.65319,0.01175,0.50166,0.95462,0.97229,0.98188,0.685,0.95356,0.97315,0.98533,0.96213,1.0244,0.19654,0.01618,0.33289,0.0213,0.0,0.0003,0.0003,0.0003
12,12000.0,0.96683,0.47062,0.10652,0.65473,0.01177,0.50691,0.95479,0.97243,0.98196,0.68504,0.95378,0.97325,0.98534,0.96213,1.02482,0.19651,0.01622,0.33296,0.02131,0.0,0.0003,0.0003,0.0003
13,13000.0,0.96856,0.47193,0.10683,0.65627,0.0118,0.51217,0.95495,0.97256,0.98204,0.68507,0.95399,0.97335,0.98535,0.96214,1.02523,0.19648,0.01627,0.33304,0.02132,0.0,0.0003,0.0003,0.0003
14,14000.0,0.97028,0.47323,0.10715,0.65781,0.01182,0.51742,0.95512,0.9727,0.98212,0.68511,0.95421,0.97344,0.98535,0.96215,1.02564,0.19645,0.01631,0.33311,0.02132,0.0,0.0003,0.0003,0.0003
15,15000.0,0.972,0.47454,0.10746,0.65935,0.01184,0.52267,0.95528,0.97283,0.9822,0.68515,0.95442,0.97353,0.98536,0.96215,1.02605,0.19641,0.01636,0.33319,0.02133,0.0,0.0003,0.0003,0.0003
16,16000.0,0.97372,0.47584,0.10778,0.66089,0.01186,0.52793,0.95545,0.97297,0.98228,0.68518,0.95464,0.97363,0.98537,0.96216,1.02647,0.19638,0.0164,0.33326,0.02134,0.0,0.0003,0.0003,0.0003
17,17000.0,0.97545,0.47715,0.10809,0.66243,0.01189,0.53318,0.95561,0.97311,0.98236,0.68522,0.95485,0.97372,0.98538,0.96217,1.02688,0.19635,0.01645,0.33334,0.02135,0.0,0.0003,0.0003,0.0003
18,18000.0,0.97717,0.47845,0.10841,0.66398,0.01191,0.53844,0.95578,0.97324,0.98244,0.68525,0.95507,0.97382,0.98539,0.96218,1.02729,0.19632,0.0165,0.33341,0.02136,0.0,0.0003,0.0003,0.0003
19,19000.0,0.97889,0.47976,0.10872,0.66552,0.01193,0.54369,0.95594,0.97338,0.98252,0.68529,0.95528,0.97391,0.98539,0.96218,1.02771,0.19629,0.01654,0.33349,0.02137,0.0,0.0003,0.0003,0.0003
20,20000.0,0.98061,0.48106,0.10904,0.66706,0.01196,0.54894,0.95611,0.97352,0.9826,0.68532,0.9555,0.97401,0.9854,0.96219,1.02812,0.19626,0.01659,0.33356,0.02138,0.0,0.0003,0.0003,0.0003
21,21000.0,0.98233,0.48237,0.10935,0.6686,0.01198,0.5542,0.95627,0.97365,0.98268,0.68536,0.95571,0.9741,0.98541,0.9622,1.02853,0.19623,0.01663,0.33364,0.02138,0.0,0.0003,0.0003,0.0003
22,22000.0,0.98406,0.48367,0.10966,0.67014,0.012,0.55945,0.95643,0.97379,0.98276,0.68539,0.95593,0.9742,0.98542,0.9622,1.02894,0.1962,0.01668,0.33371,0.02139,0.0,0.0003,0.0003,0.0003
23,23000.0,0.98578,0.48498,0.10998,0.67168,0.01202,0.56471,0.9566,0.97392,0.98284,0.68543,0.95614,0.97429,0.98543,0.96221,1.02936,0.19617,0.01672,0.33379,0.0214,0.0,0.0003,0.0003,0.0003
24,24000.0,0.9875,0.48628,0.11029,0.67322,0.01205,0.56996,0.95676,0.97406,0.98292,0.68547,0.95636,0.97439,0.98544,0.96222,1.02977,0.19614,0.01677,0.33386,0.02141,0.0,0.0003,0.0003,0.0003
25,25000.0,0.98922,0.48759,0.11061,0.67476,0.01207,0.57521,0.95693,0.9742,0.983,0.6855,0.95657,0.97448,0.98544,0.96222,1.03018,0.19611,0.01681,0.33394,0.02142,0.0,0.0003,0.0003,0.0003
26,26000.0,0.99095,0.48889,0.11092,0.6763,0.01209,0.58047,0.95709,0.97433,0.98308,0.68554,0.95679,0.97458,0.98545,0.96223,1.03059,0.19607,0.01686,0.33401,0.02143,0.0,0.0003,0.0003,0.0003
27,27000.0,0.99267,0.4902,0.11124,0.67784,0.01212,0.58572,0.95726,0.97447,0.98316,0.68557,0.957,0.97467,0.98546,0.96224,1.03101,0.19604,0.0169,0.33409,0.02144,0.0,0.0003,0.0003,0.0003
28,28000.0,0.99439,0.4915,0.11155,0.67938,0.01214,0.59097,0.95742,0.97461,0.98324,0.68561,0.95722,0.97477,0.98547,0.96224,1.03142,0.19601,0.01695,0.33416,0.02145,0.0,0.0003,0.0003,0.0003
29,29000.0,0.99611,0.49281,0.11187,0.68092,0.01216,0.59623,0.95759,0.97474,0.98332,0.68564,0.95743,0.97486,0.98548,0.96225,1.03183,0.19598,0.01699,0.33424,0.02145,0.0,0.0003,0.0003,0.0003
30,30000.0,0.99784,0.49411,0.11218,0.68246,0.01218,0.60148,0.95775,0.97488,0.9834,0.68568,0.95765,0.97496,0.98548,0.96226,1.03224,0.19595,0.01704,0.33431,0.02146,0.0,0.0003,0.0003,0.0003
31,31000.0,0.99956,0.49542,0.1125,0.684,0.01221,0.60674,0.95792,0.97501,0.98348,0.68571,0.95786,0.97506,0.98549,0.96226,1.03266,0.19592,0.01708,0.33439,0.02147,0.0,0.0003,0.0003,0.0003
32,985.477,1.00128,0.49672,0.11281,0.68554,0.01223,0.61199,0.95808,0.97515,0.98356,0.68575,0.95808,0.97515,0.9855,0.96227,1.03307,0.19589,0.01713,0.33446,0.02148,0.0,0.00023862,0.00023862,0.00023862
33,1946.78,0.99696,0.52156,0.11175,0.6916,0.0122,0.61866,0.96622,0.97217,0.98338,0.68584,0.96622,0.97217,0.98561,0.96231,1.0326,0.19689,0.01702,0.33349,0.02147,0.0,0.00023664,0.00023664,0.00023664
34,2909.8,0.99295,0.5154,0.11287,0.6873,0.01202,0.61669,0.96689,0.96939,0.98304,0.68623,0.96782,0.97032,0.98561,0.96201,1.03099,0.19875,0.0171,0.33586,0.02145,0.0,0.00023466,0.00023466,0.00023466
35,3870.57,0.99452,0.50331,0.11034,0.68896,0.01204,0.60028,0.96498,0.96753,0.98205,0.6823,0.96591,0.96846,0.98469,0.96122,1.02998,0.19893,0.01688,0.33763,0.02141,0.0,0.00023268,0.00023268,0.00023268
36,4831.35,0.9864,0.49549,0.10998,0.68418,0.01208,0.57828,0.96482,0.96674,0.9826,0.68429,0.96682,0.96753,0.98554,0.96189,1.02904,0.19888,0.01656,0.33626,0.02137,0.0,0.0002307,0.0002307,0.0002307
37,5794.32,0.97814,0.48937,0.10795,0.67789,0.01186,0.55145,0.96588,0.97148,0.98272,0.68421,0.96712,0.97217,0.98594,0.96179,1.027,0.19882,0.01641,0.33534,0.02134,0.0,0.00022872,0.00022872,0.00022872
38,6757.51,0.96285,0.48223,0.10539,0.66044,0.01171,0.47873,0.96659,0.96625,0.98251,0.68467,0.97022,0.96706,0.98577,0.96167,1.02513,0.20229,0.0166,0.33598,0.02132,0.0,0.00022674,0.00022674,0.00022674
39,7719.79,0.97105,0.48485,0.10629,0.65819,0.0117,0.48321,0.96646,0.96222,0.98217,0.68474,0.9692,0.96343,0.98537,0.96146,1.02391,0.20345,0.01642,0.33409,0.0213,0.0,0.00022476,0.00022476,0.00022476
40,8681.52,0.96163,0.4746,0.10378,0.64643,0.01171,0.47265,0.96328,0.97354,0.98244,0.68591,0.96599,0.97482,0.98546,0.96171,1.02114,0.20338,0.01635,0.33219,0.02125,0.0,0.00022278,0.00022278,0.00022278
41,9640.14,0.95526,0.46463,0.10152,0.64756,0.01134,0.41422,0.96427,0.9731,0.98249,0.6849,0.96714,0.9731,0.98541,0.96187,1.02198,0.20317,0.01626,0.33213,0.02127,0.0,0.0002208,0.0002208,0.0002208
42,10599.7,0.95298,0.44542,0.10065,0.64292,0.01155,0.40754,0.9631,0.96851,0.98252,0.68517,0.9706,0.96846,0.98519,0.96172,1.02092,0.19678,0.01573,0.33453,0.02123,0.0,0.00021882,0.00021882,0.00021882
43,11562.8,0.94312,0.46613,0.10092,0.63505,0.01141,0.42127,0.96924,0.96449,0.98264,0.68584,0.97297,0.9682,0.98482,0.96181,1.0191,0.19635,0.0155,0.3333,0.0212,0.0,0.00021684,0.00021684,0.00021684
44,12524.9,0.93432,0.43973,0.09936,0.63707,0.01139,0.38139,0.96478,0.9656,0.9766,0.68673,0.96745,0.97032,0.98464,0.96185,1.01691,0.19485,0.01504,0.33542,0.02115,0.0,0.00021486,0.00021486,0.00021486
45,13487.3,0.92784,0.44188,0.09903,0.6285,0.01129,0.39721,0.96643,0.9614,0.97557,0.6868,0.97462,0.96191,0.98416,0.96196,1.01603,0.19959,0.01529,0.33485,0.02113,0.0,0.00021288,0.00021288,0.00021288
46,14452.7,0.92092,0.45917,0.09865,0.60995,0.01102,0.37729,0.96253,0.96939,0.9766,0.68669,0.96763,0.97049,0.98462,0.96203,1.01333,0.19937,0.01509,0.33322,0.02108,0.0,0.0002109,0.0002109,0.0002109
47,15416.0,0.91435,0.42531,0.09632,0.60514,0.01121,0.3379,0.96072,0.96939,0.97654,0.68765,0.96587,0.97137,0.9846,0.96182,1.01123,0.19906,0.01495,0.33417,0.02104,0.0,0.00020892,0.00020892,0.00020892
48,16380.8,0.91035,0.42603,0.09489,0.60831,0.01099,0.33586,0.96993,0.96197,0.97596,0.68877,0.97367,0.96568,0.98437,0.96174,1.01084,0.19855,0.01477,0.33279,0.02102,0.0,0.00020694,0.00020694,0.00020694
49,17344.0,0.90963,0.42441,0.09419,0.6086,0.01107,0.30204,0.96827,0.96238,0.97561,0.68825,0.97158,0.96568,0.98408,0.96176,1.00947,0.19817,0.01459,0.33257,0.02098,0.0,0.00020496,0.00020496,0.00020496
50,18306.2,0.89794,0.41843,0.09394,0.59312,0.01086,0.29676,0.97289,0.96289,0.97635,0.68895,0.97744,0.9666,0.98477,0.96288,1.00831,0.19774,0.01441,0.32997,0.02096,0.0,0.00020298,0.00020298,0.00020298
51,19271.6,0.8963,0.4228,0.09241,0.58957,0.01081,0.28429,0.97329,0.96289,0.97612,0.68951,0.97716,0.9666,0.98475,0.96273,1.0062,0.1974,0.01422,0.33065,0.02092,0.0,0.000201,0.000201,0.000201
52,20238.1,0.89518,0.40801,0.09126,0.58632,0.01065,0.28164,0.97305,0.96197,0.97632,0.69106,0.9783,0.96568,0.98507,0.96298,1.0035,0.20238,0.01379,0.32668,0.02086,0.0,0.00019902,0.00019902,0.00019902
53,21202.4,0.88764,0.41246,0.09087,0.5739,0.0106,0.28064,0.97455,0.95918,0.97617,0.69295,0.9791,0.96289,0.98494,0.96251,1.00218,0.20213,0.01351,0.32745,0.02083,0.0,0.00019704,0.00019704,0.00019704
54,22165.1,0.87802,0.40027,0.08878,0.57132,0.0105,0.26585,0.97358,0.96104,0.97633,0.69253,0.97873,0.96382,0.98492,0.96252,1.00058,0.20184,0.0133,0.32743,0.0208,0.0,0.00019506,0.00019506,0.00019506
55,23125.4,0.88036,0.39046,0.08839,0.5648,0.01063,0.24584,0.97301,0.96011,0.97623,0.69171,0.97693,0.96382,0.98527,0.96277,1.00048,0.19599,0.01193,0.32917,0.02079,0.0,0.00019308,0.00019308,0.00019308
56,24083.4,0.87605,0.39315,0.08826,0.566,0.01056,0.2534,0.97368,0.96093,0.9761,0.69272,0.97743,0.96429,0.98523,0.96282,0.99865,0.1958,0.01168,0.32947,0.02077,0.0,0.0001911,0.0001911,0.0001911
57,25047.2,0.86794,0.39141,0.08655,0.55668,0.01045,0.21711,0.97363,0.95903,0.97609,0.69431,0.9774,0.96274,0.98487,0.96331,0.99652,0.20084,0.01229,0.33013,0.02074,0.0,0.00018912,0.00018912,0.00018912
58,26013.6,0.86148,0.39333,0.08856,0.54489,0.0103,0.23212,0.97094,0.96095,0.97608,0.6939,0.97469,0.96462,0.98466,0.96285,0.99731,0.20224,0.01222,0.33045,0.02076,0.0,0.00018714,0.00018714,0.00018714
59,26974.9,0.86978,0.3941,0.08709,0.5611,0.01039,0.21114,0.97287,0.95918,0.97616,0.695,0.97663,0.96289,0.98453,0.96287,0.9956,0.20191,0.01203,0.32976,0.02073,0.0,0.00018516,0.00018516,0.00018516
60,27939.0,0.85031,0.3842,0.0846,0.53437,0.01021,0.19947,0.97182,0.96011,0.97604,0.69546,0.97573,0.96382,0.98424,0.96275,0.99522,0.20189,0.01186,0.33123,0.02072,0.0,0.00018318,0.00018318,0.00018318
61,28901.8,0.85374,0.38555,0.08488,0.54396,0.01023,0.20342,0.9707,0.96197,0.97629,0.69497,0.9756,0.96568,0.98421,0.96276,0.99434,0.20131,0.01175,0.32977,0.02071,0.0,0.0001812,0.0001812,0.0001812
62,29866.3,0.85282,0.37343,0.08285,0.54233,0.01021,0.22555,0.96851,0.96197,0.97644,0.6939,0.97327,0.9666,0.98428,0.96323,0.99424,0.19999,0.01163,0.33045,0.0207,0.0,0.00017922,0.00017922,0.00017922
63,30831.4,0.84221,0.37947,0.08482,0.53524,0.01011,0.20505,0.97181,0.95942,0.97621,0.69569,0.97651,0.96406,0.98441,0.96328,0.99399,0.20095,0.01149,0.33034,0.0207,0.0,0.00017724,0.00017724,0.00017724
64,31796.1,0.83649,0.36263,0.08213,0.53008,0.01,0.20109,0.96871,0.96568,0.97585,0.69648,0.97293,0.96698,0.98437,0.96338,0.99239,0.20008,0.01138,0.33171,0.02066,0.0,0.00017526,0.00017526,0.00017526
65,32761.8,0.82851,0.35551,0.08148,0.52105,0.00982,0.1528,0.97009,0.96292,0.97563,0.69739,0.97383,0.96663,0.9844,0.96313,0.99217,0.19999,0.01119,0.33151,0.02067,0.0,0.00017328,0.00017328,0.00017328
66,33728.4,0.83441,0.37049,0.08112,0.52223,0.00997,0.18651,0.96823,0.96106,0.97533,0.69589,0.9729,0.9657,0.98407,0.96254,0.99086,0.19994,0.01109,0.33557,0.02065,0.0,0.0001713,0.0001713,0.0001713
67,34691.6,0.82753,0.36577,0.07991,0.51685,0.00991,0.18559,0.97121,0.96104,0.97596,0.69775,0.97644,0.96568,0.98482,0.9609,0.98998,0.19912,0.01088,0.33431,0.02062,0.0,0.00016932,0.00016932,0.00016932
68,35653.7,0.82026,0.35997,0.07935,0.51605,0.00976,0.13842,0.97223,0.95733,0.97618,0.69767,0.97694,0.96197,0.98506,0.96065,0.98962,0.1994,0.01077,0.33359,0.02061,0.0,0.00016734,0.00016734,0.00016734
69,36610.6,0.81846,0.36369,0.08065,0.50718,0.00979,0.15479,0.97366,0.95733,0.97632,0.6976,0.97749,0.96104,0.97986,0.95983,0.98886,0.19916,0.01067,0.33516,0.0206,0.0,0.00016536,0.00016536,0.00016536
70,37567.9,0.81894,0.3558,0.07749,0.50355,0.00975,0.15594,0.97907,0.9545,0.97618,0.69725,0.98287,0.95821,0.97993,0.9596,0.98791,0.19925,0.01058,0.33561,0.02059,0.0,0.00016338,0.00016338,0.00016338
71,30248.9,0.81693,0.34492,0.07864,0.50418,0.00974,0.14421,0.97814,0.95455,0.97619,0.6971,0.9823,0.95787,0.97989,0.95954,0.98774,0.19915,0.01056,0.33609,0.02058,0.0,0.00016,0.00016,0.00016
72,22929.9,0.81492,0.33404,0.07978,0.50481,0.00973,0.13248,0.97722,0.95459,0.97619,0.69696,0.98174,0.95753,0.97985,0.95948,0.98756,0.19905,0.01054,0.33657,0.02057,0.0,0.00016,0.00016,0.00016
73,15610.9,0.8129,0.32315,0.08093,0.50544,0.00971,0.12075,0.97629,0.95464,0.9762,0.69681,0.98117,0.95718,0.97981,0.95941,0.98739,0.19894,0.01052,0.33706,0.02056,0.0,0.00016,0.00016,0.00016
74,8291.9,0.81089,0.31227,0.08207,0.50607,0.0097,0.10902,0.97537,0.95468,0.9762,0.69667,0.98061,0.95684,0.97977,0.95935,0.98721,0.19884,0.0105,0.33754,0.02055,0.0,0.00016,0.00016,0.00016
75,972.891,0.80888,0.30139,0.08322,0.5067,0.00969,0.09729,0.97444,0.95473,0.97621,0.69652,0.98004,0.9565,0.97973,0.95929,0.98704,0.19874,0.01048,0.33802,0.02054,0.0,0.00015348,0.00015348,0.00015348
76,1923.39,0.82591,0.35461,0.08469,0.52507,0.00976,0.14929,0.9738,0.95362,0.97636,0.69593,0.97809,0.95733,0.97978,0.95997,0.98669,0.19744,0.01025,0.33999,0.02052,0.0,0.0001515,0.0001515,0.0001515
77,2874.39,0.82691,0.36391,0.08313,0.51941,0.00993,0.18761,0.97727,0.95738,0.97633,0.69698,0.98198,0.96071,0.97979,0.95991,0.98704,0.1973,0.01018,0.33806,0.02052,0.0,0.00014952,0.00014952,0.00014952
78,3827.09,0.82383,0.35563,0.08219,0.51845,0.00993,0.15848,0.97313,0.9564,0.97572,0.69665,0.9771,0.96011,0.97934,0.95925,0.98644,0.19722,0.01016,0.33965,0.02051,0.0,0.00014754,0.00014754,0.00014754
79,4780.03,0.82059,0.35053,0.08203,0.51967,0.00979,0.16282,0.97454,0.95871,0.97564,0.69607,0.98189,0.95546,0.97936,0.95831,0.98609,0.19707,0.01015,0.3388,0.0205,0.0,0.00014556,0.00014556,0.00014556
80,5733.54,0.81551,0.36279,0.0805,0.51818,0.00975,0.15098,0.98002,0.95083,0.97592,0.69678,0.98007,0.95802,0.97933,0.95845,0.98613,0.1913,0.01021,0.33704,0.02049,0.0,0.00014358,0.00014358,0.00014358
81,6690.22,0.8121,0.35683,0.08069,0.50792,0.00977,0.15864,0.9811,0.95083,0.97621,0.69634,0.98379,0.95701,0.9795,0.95861,0.9857,0.19138,0.01016,0.33631,0.02047,0.0,0.0001416,0.0001416,0.0001416
82,7645.2,0.80811,0.34682,0.08024,0.5003,0.00962,0.13576,0.97975,0.9564,0.97628,0.69806,0.98355,0.96011,0.97963,0.9589,0.98603,0.19224,0.01014,0.33474,0.02047,0.0,0.00013962,0.00013962,0.00013962
83,8600.96,0.80308,0.33615,0.07733,0.49762,0.00961,0.11935,0.9787,0.9564,0.97619,0.69639,0.98216,0.96011,0.97944,0.95902,0.98562,0.19227,0.01011,0.3361,0.02047,0.0,0.00013764,0.00013764,0.00013764
84,9554.14,0.7943,0.33994,0.07746,0.4908,0.00942,0.12261,0.97722,0.95507,0.97594,0.69642,0.98102,0.95887,0.97914,0.95856,0.98464,0.19232,0.01008,0.33763,0.02045,0.0,0.00013566,0.00013566,0.00013566
85,10506.5,0.79244,0.3414,0.07885,0.49706,0.00939,0.12029,0.98195,0.95863,0.97625,0.69689,0.98575,0.96234,0.97928,0.95898,0.98319,0.19227,0.01001,0.33508,0.02043,0.0,0.00013368,0.00013368,0.00013368
86,11459.1,0.79001,0.33484,0.07803,0.49236,0.00938,0.1324,0.98098,0.95676,0.97638,0.69607,0.98479,0.96108,0.97912,0.95876,0.9829,0.19221,0.00994,0.33579,0.02042,0.0,0.0001317,0.0001317,0.0001317
87,12410.3,0.78896,0.34389,0.0756,0.48525,0.00932,0.13662,0.98284,0.95642,0.97633,0.69597,0.98666,0.96052,0.97914,0.95832,0.98228,0.19222,0.00981,0.33703,0.02041,0.0,0.00012972,0.00012972,0.00012972
88,13362.5,0.78216,0.32925,0.0759,0.47522,0.00933,0.11315,0.97904,0.95312,0.97627,0.69493,0.98193,0.95751,0.97892,0.95676,0.98179,0.19912,0.00992,0.33821,0.02041,0.0,0.00012774,0.00012774,0.00012774
89,14317.0,0.78058,0.33237,0.07622,0.474,0.00921,0.10059,0.98093,0.95447,0.97655,0.69482,0.98354,0.95918,0.97899,0.95729,0.98135,0.19922,0.00984,0.33779,0.0204,0.0,0.00012576,0.00012576,0.00012576
90,15270.1,0.7713,0.32196,0.07408,0.47292,0.00909,0.09617,0.98184,0.95308,0.97691,0.69546,0.98231,0.95826,0.97905,0.95723,0.98074,0.19926,0.00977,0.33708,0.02039,0.0,0.00012378,0.00012378,0.00012378
91,16222.2,0.77496,0.32948,0.07543,0.47273,0.00924,0.10542,0.98283,0.95566,0.97669,0.69596,0.98569,0.95869,0.97889,0.95697,0.98093,0.19928,0.00964,0.33662,0.02039,0.0,0.0001218,0.0001218,0.0001218
92,17173.8,0.76505,0.32311,0.07395,0.4671,0.00916,0.09299,0.97826,0.95733,0.97686,0.69706,0.98116,0.96011,0.97911,0.95687,0.98143,0.19922,0.00954,0.33651,0.02039,0.0,0.00011982,0.00011982,0.00011982
93,18126.2,0.7597,0.31299,0.07452,0.45853,0.00916,0.0914,0.98094,0.95506,0.97683,0.69681,0.9838,0.95761,0.9792,0.95647,0.98014,0.19788,0.0084,0.33616,0.02037,0.0,0.00011784,0.00011784,0.00011784
94,19078.2,0.762,0.31593,0.07191,0.45737,0.00893,0.07637,0.97811,0.9564,0.97679,0.69742,0.97919,0.96014,0.9796,0.95681,0.97986,0.19781,0.00832,0.33638,0.02037,0.0,0.00011586,0.00011586,0.00011586
95,20030.1,0.76023,0.31868,0.0717,0.45786,0.00907,0.08633,0.97722,0.95524,0.97514,0.69677,0.97956,0.95918,0.97948,0.95647,0.97915,0.19808,0.00824,0.3382,0.02036,0.0,0.00011388,0.00011388,0.00011388
96,20980.4,0.7476,0.31025,0.07037,0.45224,0.00881,0.08196,0.97908,0.95504,0.9755,0.69679,0.98016,0.96243,0.97979,0.95661,0.97907,0.19504,0.00843,0.33464,0.02036,0.0,0.0001119,0.0001119,0.0001119
97,21930.9,0.75078,0.32541,0.07275,0.45152,0.00879,0.0885,0.97906,0.9541,0.97526,0.69508,0.98378,0.95669,0.97907,0.95595,0.97912,0.19509,0.00836,0.33922,0.02036,0.0,0.00010992,0.00010992,0.00010992
98,22884.4,0.7419,0.31487,0.0715,0.4466,0.00877,0.07699,0.97489,0.95455,0.97513,0.69689,0.97868,0.95826,0.97924,0.95623,0.97823,0.19993,0.00841,0.33954,0.02034,0.0,0.00010794,0.00010794,0.00010794
99,23835.3,0.7373,0.30479,0.06971,0.44399,0.0087,0.08913,0.97372,0.95547,0.97515,0.69682,0.98376,0.95528,0.97915,0.95615,0.97712,0.19955,0.00813,0.34112,0.02032,0.0,0.00010596,0.00010596,0.00010596
100,24787.9,0.72557,0.30003,0.06942,0.43456,0.00854,0.05556,0.97356,0.95623,0.97481,0.69608,0.98192,0.95709,0.97893,0.95582,0.97747,0.1995,0.00808,0.34152,0.02032,0.0,0.00010398,0.00010398,0.00010398
101,25741.1,0.72034,0.30109,0.06826,0.4253,0.00851,0.0645,0.97898,0.95044,0.97487,0.69776,0.98376,0.95508,0.97899,0.95599,0.97738,0.19971,0.00808,0.34182,0.02033,0.0,0.000102,0.000102,0.000102
102,26696.5,0.72698,0.29897,0.06885,0.42535,0.00865,0.08478,0.979,0.95155,0.97545,0.69784,0.98378,0.95619,0.9794,0.95577,0.97681,0.19841,0.00746,0.34084,0.0203,0.0,0.00010002,0.00010002,0.00010002
103,27654.1,0.71582,0.29108,0.06751,0.41976,0.00843,0.06027,0.97902,0.95239,0.97534,0.69731,0.98379,0.95703,0.97912,0.95552,0.97622,0.19843,0.00735,0.34388,0.02029,0.0,9.804e-05,9.804e-05,9.804e-05
104,28608.5,0.716,0.28646,0.06749,0.41976,0.00843,0.06101,0.98181,0.9515,0.97572,0.69836,0.9866,0.95614,0.97917,0.95559,0.97619,0.19694,0.00728,0.34303,0.02031,0.0,9.606e-05,9.606e-05,9.606e-05
105,29561.8,0.7091,0.29547,0.06513,0.42094,0.00835,0.07389,0.97732,0.94991,0.97551,0.69726,0.98209,0.95455,0.97884,0.95519,0.97563,0.19447,0.00721,0.34622,0.0203,0.0,9.408e-05,9.408e-05,9.408e-05
106,30515.6,0.71099,0.2925,0.067,0.41478,0.00835,0.06314,0.98173,0.94715,0.97571,0.69731,0.98486,0.95362,0.97904,0.9555,0.97632,0.19458,0.00718,0.34627,0.02031,0.0,9.21e-05,9.21e-05,9.21e-05
107,31470.0,0.70053,0.29509,0.06599,0.409,0.00822,0.05634,0.98078,0.94664,0.97583,0.69701,0.98465,0.9518,0.97901,0.9555,0.97636,0.19463,0.00718,0.34853,0.02031,0.0,9.012e-05,9.012e-05,9.012e-05
108,32421.0,0.70026,0.27742,0.06647,0.40585,0.0082,0.04671,0.97516,0.94805,0.9756,0.69799,0.97942,0.95269,0.97868,0.95533,0.97408,0.19403,0.00721,0.35482,0.02027,0.0,8.814e-05,8.814e-05,8.814e-05
109,33373.2,0.69571,0.28519,0.06523,0.40866,0.00812,0.04743,0.97607,0.94611,0.97491,0.69714,0.97893,0.95176,0.97864,0.95504,0.97261,0.19565,0.00726,0.35881,0.02023,0.0,8.616e-05,8.616e-05,8.616e-05
110,34326.3,0.68831,0.28305,0.06418,0.40237,0.00804,0.05198,0.97074,0.94712,0.97451,0.69712,0.97624,0.95292,0.97801,0.95436,0.97125,0.19585,0.00761,0.36294,0.0202,0.0,8.418e-05,8.418e-05,8.418e-05
111,35276.8,0.69185,0.28676,0.06435,0.40077,0.00813,0.05219,0.97299,0.9462,0.9749,0.69728,0.97728,0.95176,0.9784,0.95465,0.97058,0.19607,0.00756,0.36081,0.02019,0.0,8.22e-05,8.22e-05,8.22e-05
112,36228.4,0.68666,0.27017,0.06443,0.39367,0.00806,0.04874,0.98159,0.93958,0.97498,0.6974,0.98268,0.94763,0.9784,0.95481,0.97025,0.19452,0.00746,0.36273,0.02018,0.0,8.022e-05,8.022e-05,8.022e-05
113,37178.5,0.68013,0.27291,0.06514,0.38977,0.00798,0.042,0.98021,0.9397,0.97486,0.69686,0.97183,0.96004,0.97819,0.95401,0.96939,0.19457,0.0074,0.36387,0.02016,0.0,7.824e-05,7.824e-05,7.824e-05
114,38130.3,0.67657,0.27951,0.06289,0.39265,0.00789,0.04264,0.9789,0.93878,0.97509,0.69816,0.97357,0.95668,0.97844,0.95414,0.96838,0.19459,0.00737,0.36648,0.02015,0.0,7.626e-05,7.626e-05,7.626e-05
115,39084.0,0.67552,0.2674,0.06272,0.39155,0.00795,0.04438,0.97173,0.94434,0.97528,0.69865,0.97628,0.95455,0.9788,0.95523,0.96811,0.19515,0.00732,0.36715,0.02013,0.0,7.428e-05,7.428e-05,7.428e-05
116,40038.3,0.66678,0.2699,0.06213,0.38124,0.00777,0.03086,0.97595,0.94111,0.97537,0.69965,0.98274,0.95076,0.97901,0.95575,0.96727,0.20003,0.00714,0.36375,0.02012,0.0,7.23e-05,7.23e-05,7.23e-05
117,40995.3,0.66719,0.27371,0.06208,0.37813,0.00784,0.02799,0.97504,0.9423,0.97497,0.69895,0.97355,0.95594,0.97875,0.95512,0.96605,0.20017,0.00715,0.36709,0.02011,0.0,7.032e-05,7.032e-05,7.032e-05
118,41950.1,0.66352,0.26723,0.06045,0.37641,0.0077,0.03904,0.97022,0.94341,0.97452,0.69914,0.97346,0.9528,0.97836,0.95481,0.96471,0.20033,0.00715,0.37166,0.0201,0.0,6.834e-05,6.834e-05,6.834e-05
119,1022.56,0.6479,0.21726,0.0647,0.37118,0.00761,0.00833,0.96871,0.94783,0.97447,0.69858,0.97539,0.95605,0.97848,0.95482,0.9647,0.20032,0.00716,0.37112,0.02009,0.0,6.636e-05,6.636e-05,6.636e-05
120,2038.06,0.67731,0.26624,0.06547,0.3961,0.0079,0.02671,0.97272,0.94341,0.97469,0.6997,0.97898,0.95036,0.97866,0.95509,0.96432,0.20043,0.00717,0.37178,0.02008,0.0,6.438e-05,6.438e-05,6.438e-05
121,3057.76,0.6767,0.27079,0.06561,0.39618,0.00799,0.04092,0.97217,0.9462,0.96798,0.69766,0.97698,0.95362,0.97858,0.95486,0.96399,0.2004,0.0072,0.37259,0.02007,0.0,6.24e-05,6.24e-05,6.24e-05
122,4075.04,0.66986,0.25817,0.06539,0.38632,0.00778,0.02903,0.96812,0.94712,0.9679,0.69771,0.97497,0.95455,0.97849,0.95474,0.96342,0.19899,0.00718,0.37503,0.02007,0.0,6.042e-05,6.042e-05,6.042e-05
123,5097.72,0.67694,0.26232,0.06396,0.38513,0.0079,0.03498,0.96511,0.94952,0.9679,0.69658,0.97219,0.95733,0.97853,0.95474,0.96289,0.20048,0.0073,0.37412,0.02005,0.0,5.844e-05,5.844e-05,5.844e-05
124,6117.71,0.66664,0.2659,0.06499,0.38402,0.00771,0.02138,0.96968,0.94929,0.96808,0.69678,0.97727,0.95705,0.97869,0.95483,0.96269,0.20137,0.00733,0.37255,0.02005,0.0,5.646e-05,5.646e-05,5.646e-05
125,7131.1,0.66486,0.2602,0.06393,0.38229,0.00775,0.03532,0.97153,0.94969,0.96768,0.69612,0.97913,0.95743,0.97866,0.95491,0.96295,0.20338,0.00744,0.37204,0.02005,0.0,5.448e-05,5.448e-05,5.448e-05
126,8144.49,0.6558,0.24692,0.06319,0.38301,0.00763,0.02196,0.97088,0.94712,0.9679,0.69621,0.97637,0.95813,0.97832,0.95386,0.96198,0.20353,0.00752,0.37185,0.02003,0.0,5.25e-05,5.25e-05,5.25e-05
127,9161.23,0.66036,0.25671,0.06296,0.37278,0.00769,0.02502,0.96968,0.94924,0.96802,0.6966,0.97639,0.95895,0.97814,0.95409,0.96206,0.20348,0.00762,0.3733,0.02003,0.0,5.052e-05,5.052e-05,5.052e-05
128,10178.1,0.6491,0.24989,0.06244,0.36963,0.00747,0.02655,0.97064,0.95079,0.96782,0.69602,0.97823,0.95892,0.9777,0.95172,0.96189,0.20341,0.00766,0.37479,0.02002,0.0,4.854e-05,4.854e-05,4.854e-05
129,11194.8,0.64618,0.25116,0.06136,0.37454,0.00744,0.01874,0.97008,0.94712,0.96685,0.69573,0.97271,0.95872,0.97674,0.95077,0.96188,0.20325,0.00707,0.37801,0.02001,0.0,4.656e-05,4.656e-05,4.656e-05
130,12215.6,0.64493,0.24788,0.06173,0.36352,0.00749,0.02844,0.96984,0.95083,0.96689,0.69555,0.97747,0.95826,0.97713,0.95069,0.96259,0.20331,0.00704,0.3766,0.02003,0.0,4.458e-05,4.458e-05,4.458e-05
131,13235.7,0.64517,0.24948,0.06132,0.37486,0.00756,0.02402,0.97132,0.94898,0.96697,0.6963,0.97892,0.9564,0.97716,0.95089,0.96226,0.20242,0.00697,0.38023,0.02004,0.0,4.26e-05,4.26e-05,4.26e-05
132,14251.5,0.63953,0.24652,0.0615,0.36558,0.00739,0.01858,0.97062,0.94987,0.96726,0.6964,0.97725,0.95632,0.97742,0.95116,0.96272,0.2024,0.00683,0.37945,0.02004,0.0,4.062e-05,4.062e-05,4.062e-05
133,15269.7,0.64258,0.24713,0.06212,0.36763,0.00738,0.02562,0.97218,0.94991,0.96732,0.69687,0.97946,0.95733,0.97758,0.94953,0.96231,0.20386,0.00693,0.37802,0.02002,0.0,3.864e-05,3.864e-05,3.864e-05
134,16287.5,0.62892,0.24131,0.06012,0.35001,0.0073,0.0201,0.96698,0.94712,0.96708,0.69765,0.97557,0.95547,0.97754,0.94927,0.96176,0.20406,0.00695,0.38146,0.02001,0.0,3.666e-05,3.666e-05,3.666e-05
135,17305.3,0.63572,0.23827,0.05992,0.36201,0.00738,0.019,0.96589,0.94249,0.96702,0.69801,0.97452,0.95083,0.97758,0.94897,0.96137,0.20418,0.00691,0.38408,0.01999,0.0,3.468e-05,3.468e-05,3.468e-05
136,18316.7,0.62673,0.24631,0.06119,0.35392,0.00721,0.01264,0.97041,0.94301,0.96715,0.69749,0.98076,0.95176,0.97779,0.94891,0.96188,0.20286,0.00673,0.38275,0.02002,0.0,3.27e-05,3.27e-05,3.27e-05
137,19329.1,0.6183,0.23675,0.05974,0.34516,0.00719,0.01544,0.97103,0.94434,0.96724,0.69727,0.97998,0.95176,0.97795,0.94861,0.96207,0.20452,0.00693,0.38271,0.02006,0.0,3.072e-05,3.072e-05,3.072e-05
138,20342.1,0.616,0.23173,0.06063,0.34863,0.00717,0.02174,0.96677,0.94465,0.96715,0.69801,0.97804,0.95015,0.9778,0.94862,0.96179,0.20471,0.00691,0.38453,0.02006,0.0,2.874e-05,2.874e-05,2.874e-05
139,21357.4,0.60967,0.23523,0.05909,0.34356,0.00709,0.0133,0.96888,0.94156,0.96706,0.69833,0.98085,0.95014,0.97781,0.94862,0.96109,0.20467,0.00684,0.38744,0.02006,0.0,2.676e-05,2.676e-05,2.676e-05
140,22373.6,0.61178,0.23133,0.05868,0.34754,0.00716,0.01032,0.96055,0.94861,0.96724,0.69787,0.97692,0.95083,0.97799,0.94879,0.96076,0.20478,0.0068,0.38813,0.02006,0.0,2.478e-05,2.478e-05,2.478e-05
141,23375.7,0.48249,0.12005,0.02588,0.21753,0.00732,0.06322,0.961,0.94712,0.9668,0.69716,0.97507,0.94991,0.9778,0.94853,0.96107,0.2048,0.00672,0.39049,0.02007,0.0,2.28e-05,2.28e-05,2.28e-05
142,24375.4,0.47212,0.11576,0.02351,0.21507,0.00705,0.05457,0.96465,0.93878,0.96656,0.69697,0.97521,0.94895,0.97768,0.9482,0.96106,0.20505,0.00658,0.39195,0.02007,0.0,2.082e-05,2.082e-05,2.082e-05
143,25369.6,0.46664,0.11236,0.02403,0.2058,0.007,0.05028,0.9712,0.93228,0.96667,0.69702,0.98072,0.94384,0.97777,0.94857,0.96035,0.20408,0.00594,0.3928,0.02006,0.0,1.884e-05,1.884e-05,1.884e-05
144,26365.8,0.46293,0.11036,0.02304,0.20635,0.00687,0.04326,0.96046,0.9465,0.96672,0.69738,0.97252,0.95195,0.97765,0.94808,0.96,0.20415,0.00586,0.39389,0.02005,0.0,1.686e-05,1.686e-05,1.686e-05
145,27358.8,0.45688,0.10861,0.02225,0.19635,0.00679,0.03716,0.96387,0.94042,0.96659,0.69728,0.97432,0.95041,0.97764,0.94907,0.95971,0.20053,0.00523,0.39909,0.02001,0.0,1.488e-05,1.488e-05,1.488e-05
146,28348.9,0.45045,0.10791,0.02287,0.19914,0.00665,0.0355,0.96112,0.94031,0.96618,0.69647,0.9774,0.94527,0.97729,0.94875,0.9596,0.2007,0.00514,0.40131,0.02002,0.0,1.29e-05,1.29e-05,1.29e-05
147,29338.6,0.44816,0.10681,0.02177,0.19068,0.00664,0.03659,0.95771,0.94538,0.96666,0.69691,0.98161,0.94104,0.97042,0.94757,0.95905,0.1993,0.00509,0.39986,0.02002,0.0,1.092e-05,1.092e-05,1.092e-05
148,30331.9,0.44275,0.10515,0.02233,0.18947,0.00659,0.03454,0.96755,0.94063,0.96659,0.69707,0.97709,0.94954,0.97037,0.94746,0.9588,0.19936,0.00507,0.40087,0.02001,0.0,8.94e-06,8.94e-06,8.94e-06
149,31328.4,0.43922,0.10682,0.02261,0.18942,0.00648,0.03338,0.96573,0.94105,0.96642,0.69615,0.97325,0.95176,0.97024,0.94723,0.95788,0.19981,0.00498,0.40493,0.02,0.0,6.96e-06,6.96e-06,6.96e-06
150,16304.5,0.62344,0.22868,0.06172,0.35343,0.00737,0.07834,0.96478,0.94018,0.96639,0.69538,0.9743,0.94946,0.97029,0.94753,0.99813,0.20203,0.00493,0.41197,0.02116,0,4.98e-06,4.98e-06,4.98e-06
